STATION,STATION ID,IMPERIAL,METRIC
"ABERDEEN 0.7 NW, NC US",GHCND:US1NCMR0040,0,0
"ABERDEEN PHILLIPS FIELD, MD US",GHCND:USW00013701,0,0
"ABINGDON 3 S, VA US",GHCND:USC00440021,0,0
"ABINGTON 1.2 NNE, MA US",GHCND:US1MAPL0015,0,0
"ABINGTON 1.7 ESE, MA US",GHCND:US1MAPL0060,0,0
"ACTON 1.3 SW, MA US",GHCND:US1MAMD0012,0,0
"AGAWAM 1.1 SSW, MA US",GHCND:US1MAHD0033,0,0
"AKRON CANTON AIRPORT, OH US",GHCND:USW00014895,0,0
"ALBANY 0.7 SW, NY US",GHCND:US1NYAB0023,0,0
"ALBANY 4.1 NW, OH US",GHCND:US1OHAT0006,0,0
"ALBANY 4.5 WNW, OH US",GHCND:US1OHVN0003,0,0
"ALBANY INTERNATIONAL AIRPORT, NY US",GHCND:USW00014735,0,0
"ALBERTA 5 N, VA US",GHCND:USC00440079,0,0
"ALBERTSON 1.2 WNW, NC US",GHCND:US1NCDP0025,0,0
"ALBERTSON 1.8 SE, NC US",GHCND:US1NCDP0011,0,0
"ALBION, NY US",GHCND:USC00300055,0,0
"ALDERSON, WV US",GHCND:USC00460102,0,0
"ALEXANDRIA 6.8 S, VA US",GHCND:US1VAFX0105,0,0
"ALEXANDRIA 6.9 S, VA US",GHCND:US1VAFX0090,0,0
"ALFRED, NY US",GHCND:USC00300085,0,0
"ALLEGANY STATE PARK, NY US",GHCND:USC00300093,0,0
"ALLENTOWN LEHIGH VALLEY INTERNATIONAL AIRPORT, PA US",GHCND:USW00014737,0,0
"ALTOONA 3 W, PA US",GHCND:USC00360140,0,0
"ALTOONA 7 SW, PA US",GHCND:USC00360132,0,0
"AMESBURY 1.2 N, MA US",GHCND:US1MAES0059,0,0
"AMHERST, MA US",GHCND:USC00190120,0,0
"ANCRAMDALE 0.2 N, NY US",GHCND:US1NYCB0015,0,0
"ANDOVER 0.6 E, MA US",GHCND:US1MAES0048,0,0
"ANGELICA, NY US",GHCND:USC00300183,0,0
"ANGIER 0.4 N, NC US",GHCND:US1NCHR0051,0,0
"APEX 2.9 NW, NC US",GHCND:US1NCWK0326,0,0
"APEX 7.8 NW, NC US",GHCND:US1NCCH0036,0,0
"APPLE CREEK 2.3 NE, OH US",GHCND:US1OHWN0008,0,0
"APPLETON, CA",GHCND:CA006100285,0,0
"APPOMATTOX, VA US",GHCND:USC00440243,0,0
"ARDMORE 0.5 NW, PA US",GHCND:US1PAMT0048,0,0
"ARLINGTON 0.4 WNW, MA US",GHCND:US1MAMD0175,0,0
"ARMONK 0.3 SE, NY US",GHCND:US1NYWC0018,0,0
"ASHBURNHAM NORTH, MA US",GHCND:USC00190192,0,0
"ASHBURNHAM, MA US",GHCND:USC00190190,0,0
"ASHLAND, VA US",GHCND:USC00440327,0,0
"ASPINWALL 0.0 NW, PA US",GHCND:US1PAAL0092,0,0
"ATHENS 2.3 SSE, OH US",GHCND:US1OHAT0016,0,0
"ATHOL 2.8 NNE, MA US",GHCND:US1MAWR0106,0,0
"ATLANTIC BEACH 0.6 W, NC US",GHCND:US1NCCR0120,0,0
"ATLANTIC CITY INTERNATIONAL AIRPORT, NJ US",GHCND:USW00093730,0,0
"ATTICA 7 SW, NY US",GHCND:USC00300317,0,0
"AUBURN 2.6 SW, MA US",GHCND:US1MAWR0041,0,0
"AUBURN, NY US",GHCND:USC00300321,0,0
"AURORA 3.3 SSW, CA",GHCND:CA1ON000552,0,0
"AURORA RESEARCH FARM, NY US",GHCND:USC00300331,0,0
"AVERILL, VT US",GHCND:USC00430193,0,0
"AVON, NY US",GHCND:USC00300343,0,0
"AYDEN 6.5 WNW, NC US",GHCND:US1NCGN0012,0,0
"BAITING HOLLOW, NY US",GHCND:USC00300364,0,0
"BAKERSVILLE, CT US",GHCND:USC00060227,0,0
"BALDWIN, CA",GHCND:CA006110480,0,0
"BALTIMORE WASHINGTON INTERNATIONAL AIRPORT, MD US",GHCND:USW00093721,0,0
"BANGOR INTERNATIONAL AIRPORT, ME US",GHCND:USW00014606,0,0
"BANNER ELK, NC US",GHCND:USC00310506,0,0
"BARKHAMSTED, CT US",GHCND:USC00060299,0,0
"BARNSTABLE 0.7 NE, MA US",GHCND:US1MABA0076,0,0
"BARRE 1.4 NNE, MA US",GHCND:US1MAWR0054,0,0
"BARRE FALLS DAM, MA US",GHCND:USC00190408,0,0
"BARRIE LANDFILL, CA",GHCND:CA006110556,0,0
"BAT CAVE 1.8 NNW, NC US",GHCND:US1NCHN0063,0,0
"BATAVIA, NY US",GHCND:USC00300443,0,0
"BATH 0.7 N, NC US",GHCND:US1NCBF0010,0,0
"BATH 1.6 SSE, NC US",GHCND:US1NCBF0033,0,0
"BATH 4.2 E, NY US",GHCND:US1NYST0033,0,0
"BATH 6.6 ESE, NC US",GHCND:US1NCBF0016,0,0
"BAYARD, WV US",GHCND:USC00460527,0,0
"BEAUFORT 0.5 W, NC US",GHCND:US1NCCR0139,0,0
"BEAUFORT 1.5 NNW, NC US",GHCND:US1NCCR0070,0,0
"BEAUFORT 12.2 N, US",GHCND:US1NCCR0159,0,0
"BEAUFORT 3.8 N, NC US",GHCND:US1NCCR0136,0,0
"BEAUFORT 5.3 N, NC US",GHCND:US1NCCR0009,0,0
"BEAUFORT ASOS, NC US",GHCND:USW00093765,0,0
"BECKLEY RALEIGH CO AIRPORT, WV US",GHCND:USW00003872,0,0
"BECKLEY VA HOSPITAL, WV US",GHCND:USC00460580,0,0
"BEDFORD, VA US",GHCND:USC00440551,0,0
"BEECH MOUNTAIN, NC US",GHCND:USC00310645,0,0
"BELCHERTOWN, MA US",GHCND:USC00190562,0,0
"BELLEVILLE, CA",GHCND:CA006150689,0,0
"BELMONT 1.7 SW, NH US",GHCND:US1NHBK0002,0,0
"BELMONT 2.7 SSE, ME US",GHCND:US1MEWL0003,0,0
"BELOEIL 0.7 NW, CA",GHCND:CA1QC000051,0,0
"BELPRE 0.3 NE, OH US",GHCND:US1OHWS0009,0,0
"BELTSVILLE, MD US",GHCND:USC00180700,0,0
"BELTZVILLE DAM, PA US",GHCND:USC00360560,0,0
"BELVIDERE BRIDGE, NJ US",GHCND:USC00280734,0,0
"BENNETTS BRIDGE, NY US",GHCND:USC00300608,0,0
"BENNETTSVILLE 1.2 SE, SC US",GHCND:US1SCMB0002,0,0
"BERLIN 1.3 WSW, MA US",GHCND:US1MAWR0028,0,0
"BERLIN LAKE, OH US",GHCND:USC00330639,0,0
"BERLIN, NH US",GHCND:USC00270690,0,0
"BERRY S POND 0.3 SW, SC US",GHCND:US1SCSP0091,0,0
"BETHEL 3.5 NNE, CT US",GHCND:US1CTFR0041,0,0
"BETHESDA 2.0 WNW, MD US",GHCND:US1MDMG0066,0,0
"BEVERLY, MA US",GHCND:USC00190593,0,0
"BIG ISLAND, VA US",GHCND:USC00444039,0,0
"BINGHAMTON GREATER AP, NY US",GHCND:USW00004725,0,0
"BLACK MOUNTAIN 1.3 NNE, NC US",GHCND:US1NCBC0105,0,0
"BLACKSBURG 1.3 ESE, VA US",GHCND:US1VAMN0024,0,0
"BLACKSBURG NATIONAL WEATHER SERVICE OFFICE, VA US",GHCND:USC00440766,0,0
"BLAIRSTOWN TWP 2.4 E, NJ US",GHCND:US1NJWR0034,0,0
"BLOCK ISLAND COOP, RI US",GHCND:USC00370897,0,0
"BLUE HILL COOP, MA US",GHCND:USC00190736,0,0
"BLUE MARSH LAKE, PA US",GHCND:USC00360785,0,0
"BLUEFIELD, WV US",GHCND:USC00460925,0,0
"BLUESTONE LAKE, WV US",GHCND:USC00460939,0,0
"BLYTHEWOOD 1.0 W, SC US",GHCND:US1SCRC0041,0,0
"BLYTHEWOOD 3.8 ENE, SC US",GHCND:US1SCRC0050,0,0
"BLYTHEWOOD 5.8 W, SC US",GHCND:US1SCRC0090,0,0
"BON AIR 4.0 S, VA US",GHCND:US1VACS0048,0,0
"BOONE 1 SE, NC US",GHCND:USC00310982,0,0
"BOONTON 1 SE, NJ US",GHCND:USC00280907,0,0
"BOONVILLE 4 SSW, NY US",GHCND:USC00300785,0,0
"BOSTON 2.5 NE, NY US",GHCND:US1NYER0166,0,0
"BOSTON, MA US",GHCND:USW00014739,0,0
"BOW 1.6 NW, NH US",GHCND:US1NHMR0004,0,0
"BOWMANSTOWN 3.0 WSW, PA US",GHCND:US1PACB0012,0,0
"BOXFORD 2.4 S, MA US",GHCND:US1MAES0012,0,0
"BRADDOCK LOCK 2, PA US",GHCND:USC00360861,0,0
"BRANT LAKE 1.7 ENE, NY US",GHCND:US1NYWR0021,0,0
"BRASSUA DAM, ME US",GHCND:USC00170814,0,0
"BREWSTER 1.4 W, MA US",GHCND:US1MABA0080,0,0
"BRICK TWP 2.4 SSW, NJ ",GHCND:US1NJOC0075,0,0
"BRIDGEPORT 2.9 NNW, CT US",GHCND:US1CTFR0070,0,0
"BRIDGEVILLE 3.0 ESE, DE US",GHCND:US1DESS0080,0,0
"BRIDGEWATER TWP 3.3 NW, NJ US",GHCND:US1NJSM0005,0,0
"BRIDGEWATER, MA US",GHCND:USC00190840,0,0
"BRIGHTWATERS 0.5 NNE, NY US",GHCND:US1NYSF0129,0,0
"BRISTOL HARBOUR, NY US",GHCND:USC00300910,0,0
"BROCKPORT 0.6 WNW, NY US",GHCND:US1NYMR0015,0,0
"BROCKTON, MA US",GHCND:USC00190860,0,0
"BROCKVILLE PCC, CA",GHCND:CA006100971,0,0
"BROOKFIELD 3.3 SSE, CT US",GHCND:US1CTFR0009,0,0
"BROOKLINE 2.1 SW, NH US",GHCND:US1NHHL0019,0,0
"BROOKLYN 3.1 NW, NY US",GHCND:US1NYKN0025,0,0
"BROOKNEAL, VA US",GHCND:USC00441082,0,0
"BRUNSWICK 0.5 NE, OH US",GHCND:US1OHMD0002,0,0
"BRUSSELS 0.4 ESE MVCA, CA",GHCND:CA1ON000149,0,0
"BRYN MAWR 0.7 W, PA US",GHCND:US1PADL0015,0,0
"BUCKINGHAM, VA US",GHCND:USC00441136,0,0
"BUCKLAND 1.8 ESE, MA US",GHCND:US1MAFR0017,0,0
"BUCKSPORT 3.3 NNW, ME US",GHCND:US1MEHN0042,0,0
"BUENA VISTA, VA US",GHCND:USC00441159,0,0
"BUFFALO 3.9 N, NY US",GHCND:US1NYER0236,0,0
"BUFFALO NIAGARA INTERNATIONAL, NY US",GHCND:USW00014733,0,0
"BUFFUMVILLE LAKE, MA US",GHCND:USC00190998,0,0
"BULADEAN 1.3 ESE, NC US",GHCND:US1NCML0015,0,0
"BURGAW 0.3 NE, NC US",GHCND:US1NCPD0022,0,0
"BURKES GARDEN, VA US",GHCND:USC00441209,0,0
"BURLINGTON 1.7 W, CA",GHCND:CA1ON000033,0,0
"BURLINGTON INTERNATIONAL AIRPORT, VT US",GHCND:USW00014742,0,0
"BURLINGTON, CT US",GHCND:USC00060973,0,0
"BURNSVILLE 6.5 SSW, NC US",GHCND:US1NCYN0004,0,0
"BUSKIRK, NY US",GHCND:USC00301068,0,0
"CABOT 0.3 N, PA US",GHCND:US1PABT0024,0,0
"CACAPON ST PARK NUMBER 2, WV US",GHCND:USC00461324,0,0
"CALEDONIA 0.3 NW GRCA, CA",GHCND:CA1ON000477,0,0
"CALEDONIA 12.4 NW, CA",GHCND:CA1ON000103,0,0
"CAMBRIDGE 1.4 WNW, MD US",GHCND:US1MDDR0007,0,0
"CAMBRIDGE 3.2 NE, OH US",GHCND:US1OHGY0010,0,0
"CAMDEN 3.6 ESE, SC US",GHCND:US1SCKR0045,0,0
"CAMDEN 6.6 NE, SC US",GHCND:US1SCKR0004,0,0
"CANAAN VALLEY NUMBER 2, WV US",GHCND:USC00461397,0,0
"CANADENSIS EAST, PA US",GHCND:USC00361207,0,0
"CANDOR 1.8 N, NY US",GHCND:US1NYTG0020,0,0
"CANTERBURY 2.5 SSW, NH US",GHCND:US1NHMR0055,0,0
"CANTON, PA US",GHCND:USC00361212,0,0
"CAPE CARTERET 0.8 NE, NC US",GHCND:US1NCCR0109,0,0
"CAPE CARTERET 1.0 NNW, NC US",GHCND:US1NCCR0158,0,0
"CAPE CARTERET 1.5 NE, NC US",GHCND:US1NCCR0146,0,0
"CAPE HATTERAS BILLY MITCHELL FIELD, NC US",GHCND:USW00093729,0,0
"CAPE NEDDICK, ME US",GHCND:USC00171131,0,0
"CARIBOU WEATHER FORECAST OFFICE, ME US",GHCND:USW00014607,0,0
"CARLISLE WATER PLANT, PA US",GHCND:USC00361920,0,0
"CARROLL 4.6 NE, NH US",GHCND:US1NHCS0019,0,0
"CARY 0.4 NNW, NC US",GHCND:US1NCWK0176,0,0
"CARY 0.5 NW, NC US",GHCND:US1NCWK0106,0,0
"CARY 1.1 W, NC US",GHCND:US1NCWK0079,0,0
"CARY 1.3 WNW, NC US",GHCND:US1NCWK0212,0,0
"CARY 7.5 WNW, NC US",GHCND:US1NCCH0020,0,0
"CARY 7.8 WNW, NC US",GHCND:US1NCCH0025,0,0
"CASHTOWN 1 S, PA US",GHCND:USC00363226,0,0
"CATAWBA, SC US",GHCND:USC00381462,0,0
"CAYUGA 3.2 ESE, NY US",GHCND:US1NYCY0002,0,0
"CAYUGA LOCK NUMBER 1, NY US",GHCND:USC00301265,0,0
"CEDAR ISLAND 0.3 SSE, NC US",GHCND:US1NCCR0150,0,0
"CEDAR LAKE 1.0 SSW, CA",GHCND:CA1NS000063,0,0
"CEDAR POINT 0.4 WSW, NC US",GHCND:US1NCCR0137,0,0
"CEDAR POINT 0.9 WSW, NC US",GHCND:US1NCCR0107,0,0
"CENTERPORT, NY US",GHCND:USC00301309,0,0
"CENTREVILLE, CA",GHCND:CA006151309,0,0
"CHAMCOOK 6.1 NNW, CA",GHCND:CA1NB000007,0,0
"CHAPEL HILL 2 W, NC US",GHCND:USC00311677,0,0
"CHAPEL HILL 2.2 N, NC US",GHCND:US1NCOR0055,0,0
"CHAPEL HILL 2.3 NNW, NC US",GHCND:US1NCOR0067,0,0
"CHAPEL HILL 2.5 N, NC US",GHCND:US1NCOR0051,0,0
"CHAPEL HILL 2.5 SE, NC US",GHCND:US1NCDH0033,0,0
"CHAPEL HILL 2.9 WNW, NC US",GHCND:US1NCOR0058,0,0
"CHAPEL HILL 3.9 WNW, NC US",GHCND:US1NCOR0078,0,0
"CHAPEL HILL 4.0 WNW, NC US",GHCND:US1NCOR0064,0,0
"CHAPEL HILL 4.3 WSW, NC US",GHCND:US1NCOR0038,0,0
"CHAPEL HILL 4.7 SW, NC US",GHCND:US1NCOR0048,0,0
"CHAPEL HILL 4.9 SSE, NC US",GHCND:US1NCDH0036,0,0
"CHAPEL HILL 5.9 SW, NC US",GHCND:US1NCCH0056,0,0
"CHAPEL HILL 6.5 WSW, NC US",GHCND:US1NCOR0073,0,0
"CHAPEL HILL 6.8 S, NC US",GHCND:US1NCCH0049,0,0
"CHAPEL HILL 7.2 W, NC US",GHCND:US1NCOR0062,0,0
"CHAPEL HILL 7.2 WSW, NC US",GHCND:US1NCOR0063,0,0
"CHAPEL HILL 9.4 W, NC US",GHCND:US1NCOR0045,0,0
"CHAPIN 1.3 SSE, SC US",GHCND:US1SCLX0049,0,0
"CHAPIN 4.3 E, SC US",GHCND:US1SCRC0004,0,0
"CHAPIN 5.0 ESE, SC US",GHCND:US1SCRC0093,0,0
"CHAPIN 5.8 SE, SC US",GHCND:US1SCLX0188,0,0
"CHARDON, OH US",GHCND:USC00331458,0,0
"CHARLEROI LOCK 4, PA US",GHCND:USC00361377,0,0
"CHARLESTON 2.6 W, WV US",GHCND:US1WVKN0033,0,0
"CHARLESTON YEAGER AIRPORT, WV US",GHCND:USW00013866,0,0
"CHARLOTTE DOUGLAS AIRPORT, NC US",GHCND:USW00013881,0,0
"CHARLOTTESVILLE 2 W, VA US",GHCND:USC00441593,0,0
"CHASES LAKE, NY US",GHCND:USC00301388,0,0
"CHATHAM 0.2 SSE, MA US",GHCND:US1MABA0065,0,0
"CHATHAM 0.4 WSW, MA US",GHCND:US1MABA0043,0,0
"CHATHAM, VA US",GHCND:USC00441614,0,0
"CHATSWORTH 0.3 NE GSCA, CA",GHCND:CA1ON000649,0,0
"CHEEKTOWAGA 2.4 NW, NY US",GHCND:US1NYER0122,0,0
"CHEEKTOWAGA 2.7 NE, NY US",GHCND:US1NYER0102,0,0
"CHELMSFORD 1.2 E, MA US",GHCND:US1MAMD0062,0,0
"CHEMUNG 5.7 N, NY US",GHCND:US1NYCM0024,0,0
"CHESAPEAKE 1.8 NE, VA US",GHCND:US1VACSC015,0,0
"CHESAPEAKE 3.1 NNW, VA US",GHCND:US1VACSC026,0,0
"CHESAPEAKE 4.3 ENE, VA US",GHCND:US1VACSC014,0,0
"CHESAPEAKE 7.3 NE, VA US",GHCND:US1VACSC017,0,0
"CHESHIRE 0.5 NNW, MA US",GHCND:US1MABE0021,0,0
"CHESTER 1 SE, SC US",GHCND:USC00381633,0,0
"CHESTERFIELD 3 E, SC US",GHCND:USC00381645,0,0
"CHICHESTER 2.7 SSW, NH US",GHCND:US1NHMR0025,0,0
"CHOCOWINITY 0.2 W, NC US",GHCND:US1NCBF0034,0,0
"CHRISTIANSBURG, VA US",GHCND:USC00441692,0,0
"CLAREMONT 0.2 SW, VA US",GHCND:US1VASR0001,0,0
"CLARENCE CENTER 0.2 ESE, NY US",GHCND:US1NYER0151,0,0
"CLARION 3 SW, PA US",GHCND:USC00361485,0,0
"CLARK TWP 1.3 ENE, NJ US",GHCND:US1NJUN0036,0,0
"CLARKSVILLE, VA US",GHCND:USC00441746,0,0
"CLAY 4.6 NW, NY US",GHCND:US1NYOG0012,0,0
"CLAYTON 4.2 SSE, NC US",GHCND:US1NCJH0098,0,0
"CLAYTON 4.6 ENE, NC US",GHCND:US1NCJH0105,0,0
"CLEVELAND HOPKINS INTERNATIONAL AIRPORT, OH US",GHCND:USW00014820,0,0
"CLIFTON PARK 2.7 S, NY US",GHCND:US1NYSR0029,0,0
"CLINTON 1.5 NE, NC US",GHCND:US1NCSM0008,0,0
"CLINTON 4.5 SSE, NC US",GHCND:US1NCSM0025,0,0
"CLINTON TWP 3.9 N, NJ US",GHCND:US1NJHN0018,0,0
"CLINTON, SC US",GHCND:USC00381814,0,0
"CLIO 1.6 WNW, SC US",GHCND:US1SCMB0011,0,0
"CLYDE 0.3 WNW, NY US",GHCND:US1NYWN0026,0,0
"CLYDE LOCK 26, NY US",GHCND:USC00301580,0,0
"COBOURG STP, CA",GHCND:CA006151689,0,0
"COLDEN 1 W, NY US",GHCND:USC00301625,0,0
"COLDWATER WARMINSTER, CA",GHCND:CA006111769,0,0
"COLESVILLE 1.1 NNW, MD US",GHCND:US1MDMG0020,0,0
"COLESVILLE 1.7 W, MD US",GHCND:US1MDMG0018,0,0
"COLUMBIA 0.8 NNE, NC US",GHCND:US1NCTY0005,0,0
"COLUMBIA 2.3 N, MD US",GHCND:US1MDHW0018,0,0
"COLUMBIA 6.7 N, SC US",GHCND:US1SCRC0012,0,0
"COLUMBIA 8.8 N, SC US",GHCND:US1SCRC0106,0,0
"COLUMBIA 9.7 N, SC US",GHCND:US1SCRC0121,0,0
"COLUMBIANA 0.1 NNE, OH US",GHCND:US1OHCB0023,0,0
"CONCORD 4 SSW, VA US",GHCND:USC00441955,0,0
"CONCORD ASOS, NH US",GHCND:USW00014745,0,0
"CONFLUENCE 1 SW DAM, PA US",GHCND:USC00361705,0,0
"CONKLINGVILLE DAM, NY US",GHCND:USC00301708,0,0
"CONNELLSVILLE 2 SSW, PA US",GHCND:USC00361726,0,0
"CONSECON 1.9 NNW, CA",GHCND:CA1ON000874,0,0
"CONSHOHOCKEN, PA US",GHCND:USC00361737,0,0
"CONWAY 0.9 SW, MA US",GHCND:US1MAFR0010,0,0
"CONWAY 1.2 E, MA US",GHCND:US1MAFR0046,0,0
"CONWAY 2.9 NW, MA US",GHCND:US1MAFR0013,0,0
"COOPERSTOWN, NY US",GHCND:USC00301752,0,0
"COPIAGUE 0.4 ENE, NY US",GHCND:US1NYSF0062,0,0
"COPPER HILL, VA US",GHCND:USC00441999,0,0
"CORINTH, VT US",GHCND:USC00431565,0,0
"CORNISH 5.6 ESE, ME US",GHCND:US1MEYK0067,0,0
"CORNWALL, CA",GHCND:CA006101874,0,0
"CORNWALL, VT US",GHCND:USC00431580,0,0
"COUDERSPORT 7 SE, PA US",GHCND:USC00361810,0,0
"COVENTRY 0.3 NNE, CT US",GHCND:US1CTTL0040,0,0
"COVENTRY 1.2 SW, RI US",GHCND:US1RIKN0059,0,0
"COVENTRY 2, RI US",GHCND:USC00371875,0,0
"COVENTRY, RI US",GHCND:USC00371874,0,0
"COVINGTON 2 WSW, PA US",GHCND:USC00361833,0,0
"COVINGTON 4.1 E, VA US",GHCND:US1VAAL0003,0,0
"COVINGTON FILTER PLANT, VA US",GHCND:USC00442044,0,0
"CRAFTSBURY COMMON 0.8 NW, VT US",GHCND:US1VTOL0026,0,0
"CRANSTON 4.2 ENE, RI US",GHCND:US1RIPR0044,0,0
"CRESAPTOWN BEL AIR 0.9 SSE, MD US",GHCND:US1MDAL0002,0,0
"CROFTON 1.1 SSE, MD US",GHCND:US1MDAA0071,0,0
"CROZIER, VA US",GHCND:USC00442142,0,0
"CUMBERLAND 2, MD US",GHCND:USC00182282,0,0
"CUMBERLAND HILL 3.6 NNE, RI US",GHCND:US1RIPR0055,0,0
"CUYAHOGA FALLS 1.1 ESE, OH US",GHCND:US1OHSM0005,0,0
"CYLBURN, MD US",GHCND:USC00182308,0,0
"DALE ENTERPRISE, VA US",GHCND:USC00442208,0,0
"DAMASCUS 3 SSW, MD US",GHCND:USC00182336,0,0
"DANBURY, NC US",GHCND:USC00312238,0,0
"DANIELSON 3.2 ESE, CT US",GHCND:US1CTWN0026,0,0
"DANVERS 0.8 ESE, MA US",GHCND:US1MAES0041,0,0
"DANVERS 2.5 NNE, MA US",GHCND:US1MAES0071,0,0
"DANVILLE 2 SE, VA US",GHCND:USC00442245,0,0
"DARIEN 1.8 ENE, CT US",GHCND:US1CTFR0035,0,0
"DARLINGTON 0.3 ENE, SC US",GHCND:US1SCDR0033,0,0
"DARLINGTON 7.5 SSW, SC US",GHCND:US1SCDR0046,0,0
"DASHWOOD 7.4 W, CA",GHCND:CA1ON000075,0,0
"DAUPHIN 2.6 NNE, PA US",GHCND:US1PADP0032,0,0
"DAVIS 3 SE, WV US",GHCND:USC00462211,0,0
"DEDHAM 5.7 ESE, ME US",GHCND:US1MEHN0067,0,0
"DEDHAM, ME US",GHCND:USC00171867,0,0
"DELHI 2 SE, NY US",GHCND:USC00302036,0,0
"DELHI 6.6 WNW, NY US",GHCND:US1NYDL0032,0,0
"DELMAR 0.3 ESE, MD US",GHCND:US1MDWC0026,0,0
"DELMAR 4.3 E, DE US",GHCND:US1DESS0003,0,0
"DELTAVILLE 1.0 NE, VA US",GHCND:US1VAMX0009,0,0
"DEWITTVILLE 1.0 SSE, NY US",GHCND:US1NYCQ0042,0,0
"DIGHTON 1.1 WSW, MA US",GHCND:US1MABR0008,0,0
"DILLON 3.8 NW, SC US",GHCND:US1SCDL0004,0,0
"DISPUTANTA 6.3 NE, VA US",GHCND:US1VAPC0005,0,0
"DONEGAL 2 NW, PA US",GHCND:USC00362183,0,0
"DOVER 2.5 N, NH US",GHCND:US1NHST0014,0,0
"DOVER 4.6 WNW, OH US",GHCND:US1OHTS0001,0,0
"DOVER FOXCROFT WWTP, ME US",GHCND:USC00171975,0,0
"DRESDEN 1.5 NW, ME US",GHCND:US1MELN0004,0,0
"DRUMMOND CENTRE, CA",GHCND:CA006102J13,0,0
"DUCK 0.7 SSE, NC US",GHCND:US1NCDR0081,0,0
"DUNKIRK, NY US",GHCND:USC00302197,0,0
"DURHAM 1.2 NW, NC US",GHCND:US1NCDH0006,0,0
"DURHAM 1.2 W, CT US",GHCND:US1CTMD0024,0,0
"DURHAM 2.3 SW, NC US",GHCND:US1NCDH0068,0,0
"DURHAM 2.6 S, NC US",GHCND:US1NCDH0064,0,0
"DURHAM 3.5 SSW, NC US",GHCND:US1NCDH0082,0,0
"DURHAM 4.4 NNW, NC US",GHCND:US1NCDH0024,0,0
"DURHAM 4.5 E, NC US",GHCND:US1NCDH0049,0,0
"DURHAM 4.5 SW, NC US",GHCND:US1NCDH0047,0,0
"DURHAM 4.6 WNW, NC US",GHCND:US1NCDH0078,0,0
"DURHAM 5.2 NW, NC US",GHCND:US1NCDH0034,0,0
"DURHAM 5.8 NW, NC US",GHCND:US1NCDH0026,0,0
"DURHAM 6.8 NNW, NC US",GHCND:US1NCDH0022,0,0
"DURHAM 7.2 WNW, NC US",GHCND:US1NCOR0039,0,0
"DURHAM 7.5 NNE, NC US",GHCND:US1NCDH0062,0,0
"DURHAM 7.8 NW, NC US",GHCND:US1NCOR0069,0,0
"DURHAM 8.0 NNE, NC US",GHCND:US1NCDH0066,0,0
"DURHAM 8.3 ESE, NC US",GHCND:US1NCDH0077,0,0
"DURHAM, ME US",GHCND:USC00172048,0,0
"DUTTON 7.1 NE AGRIS, CA",GHCND:CA1ON000481,0,0
"EAST AMHERST 1.2 WNW, NY US",GHCND:US1NYER0054,0,0
"EAST BRIDGEWATER 0.3 WSW, MA US",GHCND:US1MAPL0022,0,0
"EAST BRIMFIELD LAKE, MA US",GHCND:USC00192107,0,0
"EAST GREENWICH 2.3 ESE, RI US",GHCND:US1RIKN0002,0,0
"EAST GREENWICH 2.8 NE, RI US",GHCND:US1RIKN0045,0,0
"EAST HARTFORD 1.3 E, CT US",GHCND:US1CTHR0022,0,0
"EAST HAVEN, VT US",GHCND:USC00432314,0,0
"EAST KILLINGLY 1.3 SW, CT US",GHCND:US1CTWN0004,0,0
"EAST LYME 0.5 SW, CT US",GHCND:US1CTNL0029,0,0
"EAST MILFORD, NH US",GHCND:USC00272302,0,0
"EAST SANDWICH, MA US",GHCND:USC00192372,0,0
"EAST SANDWICH, NH US",GHCND:USC00272303,0,0
"EAST STROUDSBURG, PA US",GHCND:USC00368596,0,0
"EAST SURRY, ME US",GHCND:USC00172443,0,0
"EAST SURRY, ME US",GHCND:US1MEHN0002,0,0
"EASTHAM 0.9 SW, MA US",GHCND:US1MABA0069,0,0
"EASTHAMPTON 1.0 E, MA US",GHCND:US1MAHS0048,0,0
"EASTPORT 1.4 ESE, ME US",GHCND:US1MEWS0031,0,0
"EASTVILLE 5.0 NNW, VA US",GHCND:US1VANH0003,0,0
"EATONTOWN 1.2 NE, NJ US",GHCND:US1NJMN0010,0,0
"EDEN, NC US",GHCND:USC00312631,0,0
"EDENTON 0.5 NE, NC US",GHCND:US1NCCW0057,0,0
"EDENTON 13.3 NNW, NC US",GHCND:US1NCCW0028,0,0
"EDENTON 4.3 SE, NC US",GHCND:US1NCCW0020,0,0
"EDGARTOWN 1.3 WNW, MA US",GHCND:US1MADK0022,0,0
"EDGARTOWN, MA US",GHCND:USC00192501,0,0
"EDWARD MACDOWELL LAKE, NH US",GHCND:USC00275013,0,0
"EGG HARBOR TWP 1.3 NW, NJ US",GHCND:US1NJAT0013,0,0
"ELGIN 4.0 SW, SC US",GHCND:US1SCRC0140,0,0
"ELIZABETH CITY 0.8 NW, NC US",GHCND:US1NCPS0030,0,0
"ELIZABETH CITY 1.8 SE, NC US",GHCND:US1NCPS0029,0,0
"ELIZABETH CITY 2.6 W, NC US",GHCND:US1NCPS0001,0,0
"ELIZABETH CITY 3.5 NNW, NC US",GHCND:US1NCPS0022,0,0
"ELIZABETH CITY 5.1 SSE, NC US",GHCND:US1NCPS0027,0,0
"ELIZABETH CITY 7.7 SSW, NC US",GHCND:US1NCPS0034,0,0
"ELIZABETH CITY COAST GUARD AIR STATION, NC US",GHCND:USW00013786,0,0
"ELIZABETHTON, TN US",GHCND:USC00402806,0,0
"ELIZABETHTOWN 6.2 NW, NC US",GHCND:US1NCBD0002,0,0
"ELKIN, NC US",GHCND:USC00312740,0,0
"ELKINS RANDOLPH CO AIRPORT, WV US",GHCND:USW00013729,0,0
"ELKTON 1.1 NNW, MD US",GHCND:US1MDCC0020,0,0
"ELLENDALE 3.4 ENE, DE US",GHCND:US1DESS0048,0,0
"ELLSWORTH 4.5 N, ME US",GHCND:US1MEHN0020,0,0
"ELLSWORTH 7.4 NW, ME US",GHCND:US1MEHN0007,0,0
"ELLSWORTH 8.2 NNW, ME US",GHCND:US1MEHN0017,0,0
"ELM CITY 7.1 ESE, NC US",GHCND:US1NCWN0015,0,0
"ELMIRA 1.2 WNW, NY US",GHCND:US1NYCM0021,0,0
"ELMIRA, NY US",GHCND:USC00302610,0,0
"ELYRIA 0.4 SE, OH US",GHCND:US1OHLR0008,0,0
"EMERALD ISLE 2.1 E, NC US",GHCND:US1NCCR0106,0,0
"EMERALD ISLE 2.3 WSW, NC US",GHCND:US1NCCR0049,0,0
"EMMITSBURG 2 SE, MD US",GHCND:USC00182906,0,0
"EMSWORTH L D OHIO RIVER, PA US",GHCND:USC00362574,0,0
"ENOREE 1.9 WSW, SC US",GHCND:US1SCLR0036,0,0
"ENOSBURG FALLS 2, VT US",GHCND:USC00432773,0,0
"ERIE INTERNATIONAL AIRPORT, PA US",GHCND:USW00014860,0,0
"ESTELL MANOR, NJ US",GHCND:USC00282805,0,0
"EVERETT, PA US",GHCND:USC00362721,0,0
"EVERGREEN 3.3 NE, NC US",GHCND:US1NCCL0021,0,0
"EWING TWP 0.8 ESE, NJ US",GHCND:US1NJMC0017,0,0
"EXTON 2.1 SE, PA US",GHCND:US1PACH0049,0,0
"FAIRFAX 1.0 N, VA US",GHCND:US1VAFXC001,0,0
"FAIRFAX 4.9 WNW, VT US",GHCND:US1VTFR0021,0,0
"FAIRFIELD 1.5 NE, CT US",GHCND:US1CTFR0060,0,0
"FAIRLAWN 1.8 WNW, VA US",GHCND:US1VAPL0013,0,0
"FAIRMONT, WV US",GHCND:USC00462920,0,0
"FALMOUTH 3.0 E, MA US",GHCND:US1MABA0003,0,0
"FALMOUTH 3.1 NNW, MA US",GHCND:US1MABA0002,0,0
"FALMOUTH 5.4 NNE, MA US",GHCND:US1MABA0050,0,0
"FALMOUTH 5.7 N, MA US",GHCND:US1MABA0057,0,0
"FARMINGTON 4.8 NNW, ME US",GHCND:US1MEFR0022,0,0
"FARMINGTON, ME US",GHCND:USC00172765,0,0
"FARMVILLE 3.1 NW, NC US",GHCND:US1NCPT0047,0,0
"FAYETTEVILLE 1.6 WSW, NC US",GHCND:US1NCCM0008,0,0
"FAYETTEVILLE 11.4 SSE, NC US",GHCND:US1NCCM0092,0,0
"FAYETTEVILLE 2.4 S, NC US",GHCND:US1NCCM0001,0,0
"FAYETTEVILLE 2.5 ESE, NC US",GHCND:US1NCCM0096,0,0
"FAYETTEVILLE 2.5 NNE, NC US",GHCND:US1NCCM0087,0,0
"FAYETTEVILLE 2.5 WSW, NC US",GHCND:US1NCCM0101,0,0
"FAYETTEVILLE 3.0 WSW, NC US",GHCND:US1NCCM0103,0,0
"FAYETTEVILLE 4.4 SW, NC US",GHCND:US1NCCM0005,0,0
"FAYETTEVILLE 5.1 WNW, NC US",GHCND:US1NCCM0021,0,0
"FAYETTEVILLE 6.3 WNW, NC US",GHCND:US1NCCM0091,0,0
"FAYETTEVILLE 6.9 SW, NC US",GHCND:US1NCCM0011,0,0
"FEDSCREEK 1 SE, KY US",GHCND:USC00152812,0,0
"FERGUS SHAND DAM, CA",GHCND:CA006142400,0,0
"FINLEYVILLE 0.9 NNW, PA US",GHCND:US1PAWS0029,0,0
"FISHERS ISLAND 0.5 NE, NY US",GHCND:US1NYSF0114,0,0
"FISHERVILLE 5.7 SSW, CA",GHCND:CA1ON000063,0,0
"FLAT SPRINGS 1 E, NC US",GHCND:USC00313072,0,0
"FLEETWOOD 2.0 ESE, PA US",GHCND:US1PABR0007,0,0
"FLEETWOOD 4.8 ESE, PA US",GHCND:US1PABR0041,0,0
"FLEMINGTON 0.3 E, NJ US",GHCND:US1NJHN0015,0,0
"FLORENCE 1.2 NNE, SC US",GHCND:US1SCFL0025,0,0
"FLORENCE 5.1 W, SC US",GHCND:US1SCFL0006,0,0
"FLORENCE 8.2 NE, SC US",GHCND:US1SCFL0027,0,0
"FORD CITY 4 S DAM, PA US",GHCND:USC00362942,0,0
"FOREST CITY 0.2 SE, PA US",GHCND:US1PASS0006,0,0
"FORTY FORT 0.4 NNE, PA US",GHCND:US1PALZ0024,0,0
"FOSCOE 1.2 WSW, NC US",GHCND:US1NCWT0011,0,0
"FOUNTAIN 0.1 NE, NC US",GHCND:US1NCPT0010,0,0
"FOUNTAIN INN 2 SW, SC US",GHCND:USC00383145,0,0
"FRAMINGHAM 2.0 NNE, MA US",GHCND:US1MAMD0178,0,0
"FRANCONIA 1.3 SSE, VA US",GHCND:US1VAFX0033,0,0
"FRANKLIN 0.5 ESE, VA US",GHCND:US1VAST0017,0,0
"FRANKLIN 2.6 WNW, VA US",GHCND:US1VAST0016,0,0
"FRANKLIN TWP 2.7 W, NJ US",GHCND:US1NJGL0006,0,0
"FRANKLIN TWP 3.8 ENE, NJ US",GHCND:US1NJSM0012,0,0
"FRANKLIN, MA US",GHCND:USC00192997,0,0
"FRANKLINVILLE, NY US",GHCND:USC00303025,0,0
"FREDERICK 2.7 N, MD US",GHCND:US1MDFR0040,0,0
"FREDERICKSBURG 7.5 ESE, VA US",GHCND:US1VASF0005,0,0
"FREDERICTON 4.0 SSE, CA",GHCND:CA1NB000001,0,0
"FREDERICTON 5.1 SSE, CA",GHCND:CA1NB000006,0,0
"FREDONIA 0.8 WNW, NY US",GHCND:US1NYCQ0022,0,0
"FREEVILLE 1 NE, NY US",GHCND:USC00303050,0,0
"FREEVILLE 1.5 NE, NY US",GHCND:US1NYTM0005,0,0
"FREEVILLE 3.7 W, NY US",GHCND:US1NYTM0023,0,0
"FRELINGHUYSEN TWP 1.5 WNW, NJ US",GHCND:US1NJWR0037,0,0
"FRONT ROYAL 3.1 ESE, VA US",GHCND:US1VAWR0002,0,0
"FROST 3 NE, WV US",GHCND:USC00463251,0,0
"FULTON, NY US",GHCND:USC00303087,0,0
"FUQUAY VARINA 1.6 SE, NC US",GHCND:US1NCWK0283,0,0
"FURLONG 0.7 SW, PA US",GHCND:US1PABK0015,0,0
"GALAX WATER PLANT, VA US",GHCND:USC00443272,0,0
"GALLOWAY TWP 2.9 SW, NJ US",GHCND:US1NJAT0046,0,0
"GARNER 0.4 SSE, NC US",GHCND:US1NCWK0373,0,0
"GARNER 3.8 W, NC US",GHCND:US1NCWK0141,0,0
"GARNER 9.6 SSE, NC US",GHCND:US1NCJH0023,0,0
"GASTONIA, NC US",GHCND:USC00313356,0,0
"GATESVILLE 3.7 ENE, NC US",GHCND:US1NCGT0007,0,0
"GATHRIGHT DAM, VA US",GHCND:USC00443310,0,0
"GERRY 0.8 N, NY US",GHCND:US1NYCQ0039,0,0
"GETTYSBURG 2.5 WNW, PA US",GHCND:US1PAAD0072,0,0
"GETTYSBURG 4.9 SW, PA US",GHCND:US1PAAD0012,0,0
"GILMAN, VT US",GHCND:USC00433341,0,0
"GLADYS 0.6 S, VA US",GHCND:US1VACM0003,0,0
"GLASGOW 1 SE, VA US",GHCND:USC00443375,0,0
"GLEN ALLAN, CA",GHCND:CA006142803,0,0
"GLEN HAZEL 2 NE DAM, PA US",GHCND:USC00363311,0,0
"GLENWILLARD DASHIELDS LOCK AND DAM, PA US",GHCND:USC00363343,0,0
"GLENWOOD 1.5 SE, NY US",GHCND:US1NYER0063,0,0
"GLOUCESTER COURTHOUSE 2.1 S, VA US",GHCND:US1VAGC0023,0,0
"GLOUCESTER COURTHOUSE 2.4 ESE, VA US",GHCND:US1VAGC0020,0,0
"GLOUCESTER COURTHOUSE 3.3 SE, VA US",GHCND:US1VAGC0009,0,0
"GLOUCESTER COURTHOUSE 3.8 ENE, VA US",GHCND:US1VAGC0027,0,0
"GLOUCESTER COURTHOUSE 4.2 SSW, VA US",GHCND:US1VAGC0019,0,0
"GLOUCESTER COURTHOUSE 6.6 W, VA US",GHCND:US1VAGC0015,0,0
"GLOUCESTER COURTHOUSE 7.1 NNE, VA US",GHCND:US1VAGC0025,0,0
"GLOUCESTER COURTHOUSE 9.1 N, VA US",GHCND:US1VAGC0026,0,0
"GLOUCESTER COURTHOUSE 9.3 NNW, VA US",GHCND:US1VAGC0011,0,0
"GLOUCESTER POINT 0.6 S, VA US",GHCND:US1VAGC0012,0,0
"GLOUCESTER POINT 2.4 E, VA US",GHCND:US1VAGC0014,0,0
"GLOUCESTER POINT 4.7 NW, VA US",GHCND:US1VAGC0016,0,0
"GLOUCESTER POINT 4.9 E, VA US",GHCND:US1VAGC0018,0,0
"GLOVERSVILLE 7 NW PECK LAKE, NY US",GHCND:USC00303322,0,0
"GODERICH 10.2 S MVCA, CA",GHCND:CA1ON000178,0,0
"GOLDSBORO 4.4 E, NC US",GHCND:US1NCWY0001,0,0
"GOLDSBORO 7.1 WSW, NC US",GHCND:US1NCWY0033,0,0
"GORMAN 7.2 SE, NC US",GHCND:US1NCWK0255,0,0
"GOUVERNEUR 3 NW, NY US",GHCND:USC00303346,0,0
"GRANBY 1.4 NW, VT US",GHCND:US1VTES0001,0,0
"GRAND LAKE STREAM, ME US",GHCND:USC00173261,0,0
"GRANDFATHER MOUNTAIN MUSEUM, NC US",GHCND:USC00313566,0,0
"GRANDY 0.6 E, NC US",GHCND:US1NCCC0015,0,0
"GRANTSBORO 4.6 SSW, NC US",GHCND:US1NCPM0020,0,0
"GRAY, ME US",GHCND:USC00173295,0,0
"GRAYS LANDING, PA US",GHCND:USC00363451,0,0
"GREAT MILLS 4.0 S, MD US",GHCND:US1MDSM0022,0,0
"GREENE 1.4 E, RI US",GHCND:US1RIKN0014,0,0
"GREENE, NY US",GHCND:USC00303444,0,0
"GREENFIELD NUMBER 3, MA US",GHCND:USC00193229,0,0
"GREENLAND, NH US",GHCND:USC00273626,0,0
"GREENSBORO AIRPORT, NC US",GHCND:USW00013723,0,0
"GREENVILLE 0.7 NNW, RI US",GHCND:US1RIPR0033,0,0
"GREENVILLE 1 SE, WV US",GHCND:USC00463671,0,0
"GREENVILLE 2.8 ESE, NC US",GHCND:US1NCPT0035,0,0
"GREENVILLE 4.6 W, NC US",GHCND:US1NCPT0017,0,0
"GREENVILLE 5.0 SE, NC US",GHCND:US1NCPT0088,0,0
"GREENVILLE 5.7 NW, NC US",GHCND:US1NCPT0057,0,0
"GREENVILLE 7.1 SSE, NC US",GHCND:US1NCPT0018,0,0
"GREENWOOD 1.4 N, SC US",GHCND:US1SCGW0023,0,0
"GREENWOOD 8 NE, SC US",GHCND:USC00383758,0,0
"GREER 3.8 SW, SC US",GHCND:US1SCGV0019,0,0
"GRIMSBY MOUNTAIN, CA",GHCND:CA006133055,0,0
"GRISWOLD 0.9 N, CT US",GHCND:US1CTNL0021,0,0
"GRNVL SPART INTERNATIONAL AIRPORT, SC US",GHCND:USW00003870,0,0
"GROTON 0.5 NW, NY US",GHCND:US1NYTM0004,0,0
"GROTON 3.2 SSW, NY US",GHCND:US1NYTM0027,0,0
"GROVELAND 0.5 WSW, MA US",GHCND:US1MAES0004,0,0
"GRUNDY, VA US",GHCND:USC00443640,0,0
"HACKETTSTOWN 0.8 W, NJ US",GHCND:US1NJWR0005,0,0
"HAGERSTOWN 1 E, MD US",GHCND:USC00181790,0,0
"HAGERSVILLE 6.0 ESE, CA",GHCND:CA1ON000719,0,0
"HALIBURTON 3, CA",GHCND:CA006163171,0,0
"HAMBURG 0.7 NNW, PA US",GHCND:US1PABR0025,0,0
"HAMILTON A, CA",GHCND:CA006153193,0,0
"HAMILTON TWP 2.6 NNE, NJ US",GHCND:US1NJMC0065,0,0
"HAMLET 0.6 S, NC US",GHCND:US1NCRC0013,0,0
"HAMMONTON 1 NE, NJ US",GHCND:USC00283662,0,0
"HAMPDEN 2.0 NW, MA US",GHCND:US1MAHD0030,0,0
"HAMPTON 3.4 W, VA US",GHCND:US1VAHMC018,0,0
"HAMPTON 6.3 SW, VA US",GHCND:US1VAHMC021,0,0
"HAMPTON 7.2 W, VA US",GHCND:US1VAHMC004,0,0
"HAMPTON, CT US",GHCND:USC00063420,0,0
"HAMPTONVILLE 1.4 NNW, NC US",GHCND:US1NCYD0005,0,0
"HANNAWA FALLS 0.1 SW, NY US",GHCND:US1NYSL0006,0,0
"HANNIBAL LOCKS AND DAM, OH US",GHCND:USC00333500,0,0
"HANOVER 3.5 WSW, PA US",GHCND:US1PAAD0071,0,0
"HANOVER, NH US",GHCND:USC00273850,0,0
"HANOVERTON 0.4 ENE, OH US",GHCND:US1OHCB0008,0,0
"HANWELL 5.6 NNE, CA",GHCND:CA1NB000119,0,0
"HARDING TWP 2.4 W, NJ US",GHCND:US1NJMS0098,0,0
"HARDWICK 2 ESE, MA US",GHCND:USC00193402,0,0
"HARRELLS 0.7 SE, NC US",GHCND:US1NCSM0024,0,0
"HARRISVILLE 1.2 SSE, RI US",GHCND:US1RIPR0050,0,0
"HARTFIELD 1.5 WNW, VA US",GHCND:US1VAMX0008,0,0
"HARTFIELD 2.9 W, VA US",GHCND:US1VAMX0007,0,0
"HARTFORD BRADLEY INTERNATIONAL AIRPORT, CT US",GHCND:USW00014740,0,0
"HARTFORD, ME US",GHCND:USC00173570,0,0
"HARTSVILLE 1.7 NW, SC US",GHCND:US1SCDR0007,0,0
"HARTSVILLE 1.8 W, SC US",GHCND:US1SCDR0010,0,0
"HARTSVILLE 3.6 W, SC US",GHCND:US1SCDR0047,0,0
"HARTSVILLE 3.6 WSW, SC US",GHCND:US1SCDR0038,0,0
"HARTSVILLE 5.4 WSW, SC US",GHCND:US1SCDR0020,0,0
"HARVEY 3.8 NNW, CA",GHCND:CA1NB000156,0,0
"HAVELOCK 1.9 SSE, NC US",GHCND:US1NCCN0093,0,0
"HAVERHILL 0.7 N, MA US",GHCND:US1MAES0020,0,0
"HEBRON 5.3 NW, CT US",GHCND:US1CTTL0018,0,0
"HENDERSON 2 NNW, NC US",GHCND:USC00313969,0,0
"HENDERSONVILLE 9.6 ENE, NC US",GHCND:US1NCHN0015,0,0
"HERMON 1.2 W, ME US",GHCND:US1MEPN0051,0,0
"HERTFORD 11.4 E, NC US",GHCND:US1NCPR0014,0,0
"HERTFORD 5.2 SSE, NC US",GHCND:US1NCPR0005,0,0
"HERTFORD 6.0 SSE, NC US",GHCND:US1NCPR0015,0,0
"HIDDEN VALLEY, PA US",GHCND:USC00363928,0,0
"HIGGANUM 0.7 N, CT US",GHCND:US1CTMD0023,0,0
"HIGH POINT, NC US",GHCND:USC00314063,0,0
"HIGHLAND 0.2 SW, NY US",GHCND:US1NYUL0029,0,0
"HIGHMARKET 2 W, NY US",GHCND:USC00303851,0,0
"HIGHTSTOWN 2 W, NJ US",GHCND:USC00283951,0,0
"HILLSBOROUGH 1.8 S, NC US",GHCND:US1NCOR0027,0,0
"HILLSBOROUGH 2.8 SSW, NC US",GHCND:US1NCOR0060,0,0
"HILLSBOROUGH 7.4 NW, NC US",GHCND:US1NCOR0006,0,0
"HILLSBOROUGH TWP 3.5 SE, NJ US",GHCND:US1NJSM0065,0,0
"HILLTOWN 1.4 SW, PA US",GHCND:US1PABK0052,0,0
"HINGHAM 0.8 ESE, MA US",GHCND:US1MAPL0036,0,0
"HINGHAM, MA US",GHCND:USC00193624,0,0
"HOLLIS, ME US",GHCND:USC00173862,0,0
"HOLLISTON 0.7 W, MA US",GHCND:US1MAMD0055,0,0
"HOLLISTON 0.8 S, MA US",GHCND:US1MAMD0042,0,0
"HOLLY SPRINGS 1.9 ENE, NC US",GHCND:US1NCWK0369,0,0
"HOOKERTON 0.5 ESE, NC US",GHCND:US1NCGN0010,0,0
"HOPE MILLS 0.6 ESE, NC US",GHCND:US1NCCM0058,0,0
"HOPE MILLS 6.3 SE, NC US",GHCND:US1NCCM0042,0,0
"HOPE MILLS 8.0 SSE, NC US",GHCND:US1NCCM0034,0,0
"HOPEWELL, VA US",GHCND:USC00444101,0,0
"HORNELL ALMOND DAM, NY US",GHCND:USC00303983,0,0
"HOT SPRINGS, VA US",GHCND:USC00444128,0,0
"HOYT 4.2 S, CA",GHCND:CA1NB000098,0,0
"HUBERT 4.9 SE, NC US",GHCND:US1NCON0020,0,0
"HUDDLESTON 4 SW, VA US",GHCND:USC00444148,0,0
"HUDSON 1 SSE, NH US",GHCND:USC00274234,0,0
"HUDSON 1.4 NW, MA US",GHCND:US1MAMD0115,0,0
"HUDSON 2.4 ESE, ME US",GHCND:US1MEPN0058,0,0
"HYANNIS, MA US",GHCND:USC00193821,0,0
"IGOR I SIKORSKY MEMORIAL AIRPORT, CT US",GHCND:USW00094702,0,0
"INDIAN BEACH 0.0 W, NC US",GHCND:US1NCCR0072,0,0
"INDIAN LAKE 2 SW, NY US",GHCND:USC00304102,0,0
"INMAN 2.9 W, SC US",GHCND:US1SCSP0100,0,0
"IRMO 1.5 NW, SC US",GHCND:US1SCRC0040,0,0
"IRMO 3.2 NE, SC US",GHCND:US1SCRC0088,0,0
"IRMO 4.2 NNW, SC US",GHCND:US1SCRC0005,0,0
"ISLIP LI MACARTHUR AIRPORT, NY US",GHCND:USW00004781,0,0
"ISLIP TERRACE 0.5 W, NY US",GHCND:US1NYSF0074,0,0
"ISLIP TERRACE 1.1 NNE, NY US",GHCND:US1NYSF0110,0,0
"ITHACA CORNELL UNIVERSITY, NY US",GHCND:USC00304174,0,0
"IVOR 1.0 SW, VA US",GHCND:US1VAST0005,0,0
"JACKMAN, ME US",GHCND:USC00174086,0,0
"JACKSONVILLE 1.0 SW, MD US",GHCND:US1MDBL0015,0,0
"JACKSONVILLE 3.3 W, NC US",GHCND:US1NCON0123,0,0
"JAFFREY SILVER RANCH AIRPARK, NH US",GHCND:USC00274304,0,0
"JAMAICA PLAIN, MA US",GHCND:USC00193890,0,0
"JAMES CITY 2.0 S, NC US",GHCND:US1NCCN0034,0,0
"JAMESTOWN 0.3 SSE, RI US",GHCND:US1RINW0018,0,0
"JAMESTOWN 4 ENE, NY US",GHCND:USC00304207,0,0
"JAMESVILLE 6.1 SW, NC US",GHCND:US1NCMT0007,0,0
"JEFFERSON 1.7 NW, PA US",GHCND:US1PAAL0043,0,0
"JEFFERSON 2 E, NC US",GHCND:USC00314496,0,0
"JEFFERSON TWP 4.4 SW, NJ US",GHCND:US1NJMS0094,0,0
"JEWETT CITY 3.0 ESE, CT US",GHCND:US1CTNL0057,0,0
"JFK INTERNATIONAL AIRPORT, NY US",GHCND:USW00094789,0,0
"KANE 1 NNE, PA US",GHCND:USC00364432,0,0
"KEENE 1.3 SW, NH US",GHCND:US1NHCH0027,0,0
"KEENE 2.0 SE, NH US",GHCND:US1NHCH0021,0,0
"KEENE, NH US",GHCND:USC00274399,0,0
"KENANSVILLE 1.1 SW, NC US",GHCND:US1NCDP0036,0,0
"KENMORE 0.3 ESE, NY US",GHCND:US1NYER0059,0,0
"KENMORE 0.8 NW, NY US",GHCND:US1NYER0057,0,0
"KESWICK RIDGE 2.3 SSE, CA",GHCND:CA1NB000008,0,0
"KESWICK RIDGE 2.5 NW, CA",GHCND:CA1NB000081,0,0
"KEYSER 2 SSW, WV US",GHCND:USC00464840,0,0
"KILLINGWORTH 2.6 ESE, CT US",GHCND:US1CTMD0021,0,0
"KILMARNOCK 2.5 NW, VA US",GHCND:US1VALN0002,0,0
"KILSYTH 4.4 NW, CA",GHCND:CA1ON000894,0,0
"KINCARDINE 0.7 SSW, CA",GHCND:CA1ON000689,0,0
"KING, NC US",GHCND:USC00314675,0,0
"KINGSTON 2.4 SW, RI US",GHCND:US1RIWS0037,0,0
"KINGSTON 7.5 NNE, RI US",GHCND:US1RIWS0031,0,0
"KINSTON 1.2 NW, NC US",GHCND:US1NCLR0030,0,0
"KINSTON 3.7 WNW, NC US",GHCND:US1NCLR0004,0,0
"KINSTON 4.7 ESE, NC US",GHCND:US1NCLR0007,0,0
"KINSTON 5.1 WNW, NC US",GHCND:US1NCLR0010,0,0
"KINSTON 7.0 SW, NC US",GHCND:US1NCLR0022,0,0
"KITCHENER 4.5 E, CA",GHCND:CA1ON000593,0,0
"KITTERY POINT 0.8 WSW, ME US",GHCND:US1MEYK0002,0,0
"KNIGHTDALE 4.7 SSE, NC US",GHCND:US1NCWK0149,0,0
"KOMOKA 3.1 W, CA",GHCND:CA1ON000784,0,0
"LAGRANGEVILLE 3.4 NE, NY US",GHCND:US1NYDT0012,0,0
"LAGUARDIA AIRPORT, NY US",GHCND:USW00014732,0,0
"LAKE LURE 2, NC US",GHCND:USC00314764,0,0
"LAKE LUZERNE, NY US",GHCND:USC00304537,0,0
"LAKE PLACID 2 S, NY US",GHCND:USC00304555,0,0
"LAKE PLEASANT 2.3 WSW, NY US",GHCND:US1NYHM0010,0,0
"LAKE VIEW 1 NE, NY US",GHCND:USC00304564,0,0
"LAKEPORT 2, NH US",GHCND:USC00274480,0,0
"LAKESIDE, NY US",GHCND:USC00304565,0,0
"LANCASTER 2 NE FILT PLANT, PA US",GHCND:USC00364763,0,0
"LANCASTER 2.9 NE, NY US",GHCND:US1NYER0159,0,0
"LANCASTER 5.8 WNW, PA US",GHCND:US1PALN0007,0,0
"LANGHORNE 3.4 NNE, PA US",GHCND:US1PABK0035,0,0
"LANSDALE 2.9 SW, PA US",GHCND:US1PAMT0094,0,0
"LAPORTE, PA US",GHCND:USC00364815,0,0
"LAUGHLINTOWN 1 SW, PA US",GHCND:USC00364833,0,0
"LAUREL SUMMIT, PA US",GHCND:USC00364839,0,0
"LAURENS 1.1 SSW, SC US",GHCND:US1SCLR0016,0,0
"LAURENS 1.3 SW, SC US",GHCND:US1SCLR0033,0,0
"LAURINBURG 4.3 SSE, NC US",GHCND:US1NCSC0009,0,0
"LAURINBURG, NC US",GHCND:USC00314860,0,0
"LAWRENCE TWP 1.8 SSW, NJ US",GHCND:US1NJMC0009,0,0
"LE ROY 1 E, NY US",GHCND:USC00304684,0,0
"LEBANON 3.1 SSE, PA US",GHCND:US1PALB0021,0,0
"LEICESTER 2.4 ESE, MA US",GHCND:US1MAWR0043,0,0
"LEICESTER 2.5 WSW, MA US",GHCND:US1MAWR0088,0,0
"LENOIR, NC US",GHCND:USC00314938,0,0
"LEONARDTOWN 0.6 NE, MD US",GHCND:US1MDSM0003,0,0
"LEWISBURG 3 N, WV US",GHCND:USC00465224,0,0
"LEWISBURG, PA US",GHCND:USC00364976,0,0
"LEWISTOWN, PA US",GHCND:USC00364992,0,0
"LEXINGTON, VA US",GHCND:USC00444876,0,0
"LILLINGTON 2.0 W, NC US",GHCND:US1NCHR0007,0,0
"LINCOLN SANITARY DISTRICT WTP, ME US",GHCND:USC00174683,0,0
"LINCOLN WATER DISTRICT, ME US",GHCND:USC00174681,0,0
"LINCOLNTON 4.4 WSW, NC US",GHCND:US1NCLN0004,0,0
"LINCOLNVILLE 1.9 ESE, ME US",GHCND:US1MEWL0025,0,0
"LINDEN 4.2 S, NC US",GHCND:US1NCCM0056,0,0
"LINWOOD 0.7 SSW, NJ US",GHCND:US1NJAT0009,0,0
"LITTLE COMPTON 0.6 E, RI US",GHCND:US1RINW0007,0,0
"LITTLE FALLS TWP 0.5 WNW, NJ US",GHCND:US1NJPS0012,0,0
"LITTLE MOUNTAIN, SC US",GHCND:USC00385200,0,0
"LITTLE VALLEY, NY US",GHCND:USC00304808,0,0
"LITTLETON 2.8 NNW, MA US",GHCND:US1MAMD0104,0,0
"LOCK HAVEN SEWAGE PLANT, PA US",GHCND:USC00365109,0,0
"LOCKPORT 4 E, NY US",GHCND:USC00304844,0,0
"LOCUST HILL 1.1 ENE, VA US",GHCND:US1VAMX0004,0,0
"LOGAN, WV US",GHCND:USC00465353,0,0
"LONDON 2.6 SE, CA",GHCND:CA1ON000886,0,0
"LONG BEACH TWP 1.4 SSE, NJ US",GHCND:US1NJOC0094,0,0
"LONG BRANCH 0.5 W, NJ US",GHCND:US1NJMN0048,0,0
"LONG BRANCH OAKHURST, NJ US",GHCND:USC00284987,0,0
"LONG HILL TWP 1.8 WSW, NJ US",GHCND:US1NJMS0019,0,0
"LONGTOWN, SC US",GHCND:USC00385290,0,0
"LOUISBURG 10.6 SSE, NC US",GHCND:US1NCFK0020,0,0
"LOWER WEST PUBNICO 0.3 NE, CA",GHCND:CA1NS000069,0,0
"LOWVILLE, NY US",GHCND:USC00304912,0,0
"LUCKNOW 1.5 NNE MVCA, CA",GHCND:CA1ON000203,0,0
"LUGOFF 0.9 NW, SC US",GHCND:US1SCKR0029,0,0
"LUMBERTON 2.3 NE, NC US",GHCND:US1NCRB0009,0,0
"LUMBERTON, NC US",GHCND:USC00315177,0,0
"LUNENBURG 2.3 NNW, VT US",GHCND:US1VTES0003,0,0
"LURAY 5 E, VA US",GHCND:USC00445096,0,0
"LYMAN 1.2 NW, SC US",GHCND:US1SCSP0116,0,0
"LYMAN 5.3 WNW, SC US",GHCND:US1SCSP0023,0,0
"MACEDON 2.6 ESE, NY US",GHCND:US1NYWN0018,0,0
"MACTAQUAC PROV PARK, CA",GHCND:CA008102536,0,0
"MADISON 0.8 WSW, NJ US",GHCND:US1NJMS0059,0,0
"MALONE, NY US",GHCND:USC00304996,0,0
"MANCHESTER 0.4 ENE, CT US",GHCND:US1CTHR0100,0,0
"MANCHESTER 0.5 NE, ME US",GHCND:US1MEKB0055,0,0
"MANCHESTER 0.6 S, NH US",GHCND:US1NHHL0096,0,0
"MANCHESTER AIRPORT, NH US",GHCND:USW00014710,0,0
"MANHASSET HILLS 0.2 NNE, NY US",GHCND:US1NYNS0066,0,0
"MANSFIELD 2.4 ENE, MA US",GHCND:US1MABR0061,0,0
"MANTEO 2.8 NW, NC US",GHCND:US1NCDR0062,0,0
"MARGATE, NJ US",GHCND:USC00285243,0,0
"MARIENVILLE 5.3 W, PA US",GHCND:US1PAFR0002,0,0
"MARTINSVILLE FILTER PLANT, VA US",GHCND:USC00445300,0,0
"MASHPEE 2.4 WSW, MA US",GHCND:US1MABA0047,0,0
"MASHPEE 2.5 W, MA US",GHCND:US1MABA0083,0,0
"MASHPEE 3.2 WSW, MA US",GHCND:US1MABA0092,0,0
"MASSEY, CA",GHCND:CA006065006,0,0
"MATTAPONI 2.6 NNW, VA US",GHCND:US1VAKQ0001,0,0
"MAURICE RIVER TWP 5.3 S, NJ US",GHCND:US1NJCD0017,0,0
"MAYNARD 0.7 ESE, MA US",GHCND:US1MAMD0051,0,0
"MAYS LANDING 1 W, NJ US",GHCND:USC00285346,0,0
"MAYVILLE 0.2 ESE, NY US",GHCND:US1NYCQ0041,0,0
"MCLEOD HILL 0.4 SSW, CA",GHCND:CA1NB000136,0,0
"MCLEOD HILL 1.1 ENE, CA",GHCND:CA1NB000018,0,0
"MEADOWS OF DAN 5 SW, VA US",GHCND:USC00445453,0,0
"MEDFORD 1.2 W, MA US",GHCND:US1MAMD0044,0,0
"MEDINA, NY US",GHCND:USC00305236,0,0
"MEDWAY 2.1 W, MA US",GHCND:US1MANF0064,0,0
"MELROSE 0.5 NE, MA US",GHCND:US1MAMD0126,0,0
"MERRITT 1.5 WSW, NC US",GHCND:US1NCPM0003,0,0
"MERRY HILL 3.2 N, NC US",GHCND:US1NCBT0037,0,0
"MEXICO 2 SW, NY US",GHCND:USC00305280,0,0
"MIDDLEBOURNE 3 ESE, WV US",GHCND:USC00465963,0,0
"MIDDLEFIELD 0.6 NE, OH US",GHCND:US1OHGG0007,0,0
"MIDDLESEX 3.5 S, NY US",GHCND:US1NYYT0008,0,0
"MIDDLESEX 5.5 SSW, NC US",GHCND:US1NCJH0022,0,0
"MIDDLETON 1.4 SSW, MA US",GHCND:US1MAES0058,0,0
"MIDDLETON, MA US",GHCND:USC00194744,0,0
"MIDDLETOWN 0.9 SSE, DE US",GHCND:US1DENC0004,0,0
"MIDDLETOWN 1.4 ENE, DE US",GHCND:US1DENC0071,0,0
"MIDDLETOWN 4.1 NNW, DE US",GHCND:US1DENC0028,0,0
"MIDDLETOWN 5.2 ENE, DE US",GHCND:US1DENC0035,0,0
"MIDDLETOWN HARRISBURG INTERNATIONAL AIRPORT, PA US",GHCND:USW00014711,0,0
"MIDLOTHIAN 4.7 SSW, VA US",GHCND:US1VACS0026,0,0
"MILFORD 0.8 SSW, ME US",GHCND:US1MEPN0047,0,0
"MILFORD 8.7 NW, PA US",GHCND:US1PAPK0022,0,0
"MILFORD, MA US",GHCND:USC00194760,0,0
"MILL GAP, VA US",GHCND:USC00445595,0,0
"MILLERS 4 NE, MD US",GHCND:USC00185934,0,0
"MILLINOCKET WASTEWATER, ME US",GHCND:USC00175305,0,0
"MILLIS 2.0 SW, MA US",GHCND:US1MANF0011,0,0
"MILVERTON 1.1 ESE CANWARN, CA",GHCND:CA1ON000491,0,0
"MINERAL CITY 7.2 SE, OH US",GHCND:US1OHTS0019,0,0
"MINETTO 0.1 SE, NY US",GHCND:US1NYOS0015,0,0
"MISSISSAUGA 6.4 SSE CANWARN, CA",GHCND:CA1ON000646,0,0
"MOHNTON 2.8 SSW, PA US",GHCND:US1PABR0016,0,0
"MONETA 4.8 S, VA US",GHCND:US1VABD0003,0,0
"MONROE 2 SE, NC US",GHCND:USC00315771,0,0
"MONTDALE 0.8 SE, PA US",GHCND:US1PALC0011,0,0
"MONTEBELLO FISH CULTURAL STATION, VA US",GHCND:USC00445690,0,0
"MONTGOMERY LOCK AND DAM, PA US",GHCND:USC00365902,0,0
"MONTGOMERY VILLAGE 1.1 ENE, MD US",GHCND:US1MDMG0138,0,0
"MONTREAL INTERNATIONAL A, CA",GHCND:CA007025251,0,0
"MOON TOWNSHIP, PA US",GHCND:USC00365918,0,0
"MOORE 4.9 NW, SC US",GHCND:US1SCSP0010,0,0
"MOOREFIELD 3.7 SSE, WV US",GHCND:US1WVHY0003,0,0
"MOOSEHEAD, ME US",GHCND:USC00175460,0,0
"MOOSUP 1.7 NE, CT US",GHCND:US1CTWN0008,0,0
"MOREHEAD CITY 0.1 E, NC US",GHCND:US1NCCR0029,0,0
"MOREHEAD CITY 0.6 NW, NC US",GHCND:US1NCCR0012,0,0
"MOREHEAD CITY 2.9 WNW, NC US",GHCND:US1NCCR0003,0,0
"MOREHEAD CITY 5.7 W, NC US",GHCND:US1NCCR0104,0,0
"MOREHEAD CITY 6.0 WNW, NC US",GHCND:US1NCCR0016,0,0
"MORGANTOWN 5.9 SW, WV US",GHCND:US1WVMG0016,0,0
"MORRISTON 2.0 S, CA",GHCND:CA1ON000199,0,0
"MORRISVILLE 1.5 SSW, NC US",GHCND:US1NCWK0185,0,0
"MOUNT AIRY 2 W, NC US",GHCND:USC00315890,0,0
"MOUNT LAUREL TWP 2.2 E, NJ US",GHCND:US1NJBT0086,0,0
"MOUNT LAUREL TWP 2.5 ENE, NJ US",GHCND:US1NJBT0004,0,0
"MOUNT MORRIS 2 W, NY US",GHCND:USC00305597,0,0
"MOUNT NEBO 1 S, WV US",GHCND:USC00466284,0,0
"MOUNT OLIVE 2.4 SW, NC US",GHCND:US1NCDP0003,0,0
"MOUNT OLIVE TWP 1.6 NNW, NJ US",GHCND:US1NJMS0111,0,0
"MOUNT PLEASANT 1.4 WSW, OH US",GHCND:US1OHJF0009,0,0
"MOUNT POCONO 0.7 N, PA US",GHCND:US1PAMN0016,0,0
"MOUNT SINAI, NY US",GHCND:USC00305606,0,0
"MYSTIC 0.9 W, CT US",GHCND:US1CTNL0019,0,0
"MYSTIC 3.4 NW, CT US",GHCND:US1CTNL0046,0,0
"NANTUCKET 5.9 ESE, MA US",GHCND:US1MANT0009,0,0
"NARRAGANSETT 2.9 N, RI US",GHCND:US1RIWS0066,0,0
"NASHUA CWSU, NH US",GHCND:USC00275703,0,0
"NASHVILLE 3.2 W, NC US",GHCND:US1NCNS0002,0,0
"NASSAWADOX 4.6 SW, VA US",GHCND:US1VANH0004,0,0
"NATRONA LOCK 4, PA US",GHCND:USC00366151,0,0
"NAUGATUCK 1.7 NNE, CT US",GHCND:US1CTNH0045,0,0
"NAUGHTON 5.1 WSW NDCA, CA",GHCND:CA1ON000792,0,0
"NESHAMINY FALLS, PA US",GHCND:USC00366194,0,0
"NEW BERN 1.3 NNE, NC US",GHCND:US1NCCN0009,0,0
"NEW BERN 1.4 WSW, NC US",GHCND:US1NCCN0022,0,0
"NEW BERN 2.6 SW, NC US",GHCND:US1NCCN0074,0,0
"NEW BERN 3.8 S, NC US",GHCND:US1NCCN0094,0,0
"NEW BERN 4.2 S, NC US",GHCND:US1NCCN0048,0,0
"NEW BERN 5.2 SE, NC US",GHCND:US1NCCN0063,0,0
"NEW BERN 8.8 W, NC US",GHCND:US1NCCN0031,0,0
"NEW BERN ASOS, NC US",GHCND:USW00093719,0,0
"NEW BRUNSWICK 3 SE, NJ US",GHCND:USC00286055,0,0
"NEW CANAAN 1.9 ENE, CT US",GHCND:US1CTFR0003,0,0
"NEW CASTLE, VA US",GHCND:USC00446012,0,0
"NEW CUMBERLAND L D, OH US",GHCND:USC00466442,0,0
"NEW FLORENCE 0.2 ESE, PA US",GHCND:US1PAWT0018,0,0
"NEW HAMPTON 4.1 N, NH US",GHCND:US1NHBK0018,0,0
"NEW HARTFORD 0.8 S, NY US",GHCND:US1NYOD0019,0,0
"NEW HAVEN 2.9 NNW, CT US",GHCND:US1CTNH0057,0,0
"NEW HOLLAND 2 SE, PA US",GHCND:USC00366238,0,0
"NEW LONDON 0.8 S, NH US",GHCND:US1NHMR0070,0,0
"NEW LONDON 1.0 NNW, CT US",GHCND:US1CTNL0006,0,0
"NEW MARKET 1.7 NW, MD US",GHCND:US1MDFR0041,0,0
"NEW MARTINSVILLE 6.5 E, WV US",GHCND:US1WVWT0001,0,0
"NEW MARYLAND 0.6 NW, CA",GHCND:CA1NB000097,0,0
"NEW MILFORD 1.6 SSE, PA US",GHCND:US1PASS0016,0,0
"NEW MILFORD 5.3 SSW, CT US",GHCND:US1CTLT0022,0,0
"NEW MORGAN 1.8 WNW, PA US",GHCND:US1PABR0035,0,0
"NEW PROVIDENCE 0.8 ESE, NJ US",GHCND:US1NJUN0010,0,0
"NEW SHARON, ME US",GHCND:USC00175736,0,0
"NEWARK LIBERTY INTERNATIONAL AIRPORT, NJ US",GHCND:USW00014734,0,0
"NEWBERRY 2.9 S, SC US",GHCND:US1SCNW0018,0,0
"NEWBURYPORT 0.6 N, MA US",GHCND:US1MAES0070,0,0
"NEWCASTLE 2.1 SW, ME US",GHCND:US1MELN0001,0,0
"NEWCOMB, NY US",GHCND:USC00305714,0,0
"NEWFANE, NY US",GHCND:USC00305715,0,0
"NEWINGTON 1.9 SSW, CT US",GHCND:US1CTHR0065,0,0
"NEWPORT 1.0 N, NC US",GHCND:US1NCCR0074,0,0
"NEWPORT 1.0 WNW, DE US",GHCND:US1DENC0074,0,0
"NEWPORT 1.7 SSE, NC US",GHCND:US1NCCR0053,0,0
"NEWPORT 10.3 SW, NC US",GHCND:US1NCCR0134,0,0
"NEWPORT 2.5 W, NC US",GHCND:US1NCCR0033,0,0
"NEWPORT MOREHEAD CITY WEATHER FORECAST OFFICE, NC US",GHCND:USC00316096,0,0
"NEWPORT NEWS 1.8 SE, VA US",GHCND:US1VANNC022,0,0
"NEWPORT NEWS 2.5 ESE, VA US",GHCND:US1VANNC012,0,0
"NEWPORT NEWS 3.3 E, VA US",GHCND:US1VANNC004,0,0
"NEWPORT NEWS 5.8 N, VA US",GHCND:US1VANNC024,0,0
"NEWPORT NEWS 5.8 NE, VA US",GHCND:US1VAYR0001,0,0
"NEWPORT, OH US",GHCND:USC00335939,0,0
"NEWPORT, VT US",GHCND:USC00435542,0,0
"NEWTON 2.9 SE, NC US",GHCND:US1NCCT0039,0,0
"NEWTON FALLS 0.6 N, OH US",GHCND:US1OHTR0004,0,0
"NEWTON GROVE 2.6 SSE, NC US",GHCND:US1NCSM0023,0,0
"NIAGARA FALLS, NY US",GHCND:USC00305840,0,0
"NIANTIC 1.1 SW, CT US",GHCND:US1CTNL0032,0,0
"NORA 4 SSE, VA US",GHCND:USC00446125,0,0
"NORFOLK 2 SW, CT US",GHCND:USC00065445,0,0
"NORFOLK 5.0 SSW, VA US",GHCND:US1VANRC003,0,0
"NORFOLK INTERNATIONAL AIRPORT, VA US",GHCND:USW00013737,0,0
"NORMAN 0.4 SSE, NC US",GHCND:US1NCRC0008,0,0
"NORRISVILLE 0.6 WSW, MD US",GHCND:US1MDHR0023,0,0
"NORTH BERWICK 5.3 W, ME US",GHCND:US1MEYK0065,0,0
"NORTH BRUNSWICK TWP 1.5 W, NJ US",GHCND:US1NJMD0002,0,0
"NORTH CONWAY 1.4 SSW, NH US",GHCND:US1NHCR0011,0,0
"NORTH CREEK 5 SE, NY US",GHCND:USC00305925,0,0
"NORTH EAST 1.2 WNW, PA US",GHCND:US1PAER0005,0,0
"NORTH GRANBY 1.3 ENE, CT US",GHCND:US1CTHR0008,0,0
"NORTH RIDGEVILLE 2.5 NE, OH US",GHCND:US1OHLR0025,0,0
"NORTH SMITHFIELD 0.6 S, RI US",GHCND:US1RIPR0051,0,0
"NORTH SMITHFIELD 0.7 SE, RI US",GHCND:US1RIPR0028,0,0
"NORTH TONAWANDA 1.0 NNE, NY US",GHCND:US1NYNG0002,0,0
"NORTH TONAWANDA, NY US",GHCND:USC00306047,0,0
"NORTH WILKESBORO, NC US",GHCND:USC00316256,0,0
"NORTH, VA US",GHCND:USC00446161,0,0
"NORTHBOROUGH 0.6 SSE, MA US",GHCND:US1MAWR0018,0,0
"NORTHBOROUGH 2.3 N, MA US",GHCND:US1MAWR0042,0,0
"NORTHBRIDGE 1.7 WNW, MA US",GHCND:US1MAWR0069,0,0
"NORTHFIELD 1.2 NNE, VT US",GHCND:US1VTWS0037,0,0
"NORTHFIELD 2.8 E, NH US",GHCND:US1NHMR0045,0,0
"NORTHFORD 0.8 SW, CT US",GHCND:US1CTNH0072,0,0
"NORTHPORT 1.6 NNE, NY US",GHCND:US1NYSF0016,0,0
"NORTHUMBERLAND, NH US",GHCND:USC00276365,0,0
"NORTHVILLE, NY US",GHCND:USC00306062,0,0
"NORTON WEST, MA US",GHCND:USC00195984,0,0
"NORWALK 1.4 ENE, CT US",GHCND:US1CTFR0066,0,0
"NORWICH 2.5 NNE, CT US",GHCND:US1CTNL0010,0,0
"NORWICH PUBLIC UTILITY PLANT, CT US",GHCND:USC00065910,0,0
"NORWOOD 1.3 NW, MA US",GHCND:US1MANF0001,0,0
"NOTRE DAME DES BOIS 0.2 SW, CA",GHCND:CA1QC000059,0,0
"NOTTINGHAM 1.2 S, NH US",GHCND:US1NHRC0079,0,0
"NWS ALBANY, NY US",GHCND:US1NYAB0021,0,0
"NWS BOSTON NORTON, MA US",GHCND:USC00198368,0,0
"NY CITY CENTRAL PARK, NY US",GHCND:USW00094728,0,0
"O DONNELLS 0.2 N, CA",GHCND:CA1NB000034,0,0
"OAK POINT 0.9 SSW, CA",GHCND:CA1NB000005,0,0
OAK POINT NB,GHCND:CA008103780,0,0
"OAKDALE 2.6 WNW, CT US",GHCND:US1CTNL0005,0,0
"OAKLAND 1 SE, MD US",GHCND:USC00186620,0,0
"OAKVILLE TWN, CA",GHCND:CA006155750,0,0
"OBERLIN 0.9 NNE, OH US",GHCND:US1OHLR0024,0,0
"OBERLIN, OH US",GHCND:USC00336196,0,0
"OCEAN CITY 1.6 SW, NJ US",GHCND:US1NJCM0038,0,0
"OCEANA 2 SE, WV US",GHCND:USC00466600,0,0
"OCRACOKE, NC US",GHCND:USC00316349,0,0
"OLD BRIDGE TWP 5.1 NE, NJ US",GHCND:US1NJMD0062,0,0
"OLD FORT 4 NE, NC US",GHCND:USC00316380,0,0
"OLEAN, NY US",GHCND:USC00306196,0,0
"OLMSTEDVILLE 4.6 NNE, NY US",GHCND:US1NYES0006,0,0
"OMPAH SEITZ, CA",GHCND:CA006105762,0,0
"ONEIDA 0.4 NW, NY US",GHCND:US1NYMD0022,0,0
"ORIENTAL 1.9 WSW, NC US",GHCND:US1NCPM0029,0,0
"ORIENTAL 4.3 NNW, NC US",GHCND:US1NCPM0010,0,0
"ORIENTAL 5.2 NE, NC US",GHCND:US1NCPM0012,0,0
"ORILLIA BRAIN, CA",GHCND:CA006115811,0,0
"ORLEANS 1.1 E, MA US",GHCND:US1MABA0012,0,0
"ORLEANS 1.8 S, MA US",GHCND:US1MABA0042,0,0
"ORLEANS 3.0 S, MA US",GHCND:US1MABA0051,0,0
"ORONO 0.9 NE, ME US",GHCND:US1MEPN0043,0,0
"ORONO 1.1 SSW, ME US",GHCND:US1MEPN0055,0,0
"OSHAWA WPCP, CA",GHCND:CA006155878,0,0
"OSWEGO, NY US",GHCND:USC00306314,0,0
"OTISFIELD, ME US",GHCND:USC00176484,0,0
"OTTAWA INTERNATIONAL, CA",GHCND:CA006106001,0,0
"OWEN SOUND 1.2 N GSCA, CA",GHCND:CA1ON000451,0,0
"OWEN SOUND 1.5 NW GSCA, CA",GHCND:CA1ON000005,0,0
"OWEN SOUND 6.1 NNW GSCA, CA",GHCND:CA1ON000482,0,0
"PAKENHAM 7.8 NNW, CA",GHCND:CA1ON000208,0,0
"PALMYRA 1.6 NW, NY US",GHCND:US1NYWN0006,0,0
"PALMYRA 3.5 NW, ME US",GHCND:US1MESM0003,0,0
"PANTEGO 0.4 WSW, NC US",GHCND:US1NCBF0037,0,0
"PARKWOOD 2.5 W, NC US",GHCND:US1NCDH0052,0,0
"PARMA 1.8 SE, OH US",GHCND:US1OHCY0016,0,0
"PARMA 1.9 NNW, OH US",GHCND:US1OHCY0024,0,0
"PAVILION 2, NY US",GHCND:USC00306465,0,0
"PAWCATUCK 1.8 SSE, CT US",GHCND:US1CTNL0040,0,0
"PEDLAR DAM, VA US",GHCND:USC00446593,0,0
"PENDLETON 1 NE, NY US",GHCND:USC00306480,0,0
"PENNFIELD RIDGE 2.7 SSW, CA",GHCND:CA1NB000104,0,0
"PENNSAUKEN 1 N, NJ US",GHCND:USC00286864,0,0
"PERKASIE 0.8 NE, PA US",GHCND:US1PABK0039,0,0
"PERRY 3.8 NNW, ME US",GHCND:US1MEWS0034,0,0
"PERRYSBURG, NY US",GHCND:USC00306525,0,0
"PERRYTOWN, NC US",GHCND:USC00316676,0,0
"PETAWAWA HOFFMAN, CA",GHCND:CA00610FC98,0,0
"PHILADELPHIA FRANKLIN INSTITUTE, PA US",GHCND:USC00366886,0,0
"PHILADELPHIA INTERNATIONAL AIRPORT, PA US",GHCND:USW00013739,0,0
"PHILADELPHIA MT. HOLLY WEATHER FORECAST OFFICE, NJ US",GHCND:USC00286964,0,0
"PHILLIPS 3, ME US",GHCND:USC00176706,0,0
"PIEDMONT RESEARCH STATION, VA US",GHCND:USC00446712,0,0
"PIKE ISLAND LOCK AND DAM, WV US",GHCND:USC00467018,0,0
"PINE BEACH 0.4 NW, NJ US",GHCND:US1NJOC0090,0,0
"PINE KNOLL SHORES 0.3 NE, NC US",GHCND:US1NCCR0075,0,0
"PINE KNOLL SHORES 1.4 E, NC US",GHCND:US1NCCR0073,0,0
"PINEHURST 4.6 NNE, NC US",GHCND:US1NCMR0044,0,0
"PINK HILL 2.5 NE, NC US",GHCND:US1NCLR0031,0,0
"PINKHAM NOTCH, NH US",GHCND:USC00276818,0,0
"PITTSBORO 10.7 NW, NC US",GHCND:US1NCCH0063,0,0
"PITTSBORO 5.4 NNW, NC US",GHCND:US1NCCH0044,0,0
"PITTSBORO 7.3 NE, NC US",GHCND:US1NCCH0061,0,0
"PITTSBORO 8.2 N, NC US",GHCND:US1NCCH0035,0,0
"PITTSBORO 8.8 NNE, NC US",GHCND:US1NCCH0064,0,0
"PITTSBURGH 3.6 NNW, PA US",GHCND:US1PAAL0074,0,0
"PITTSBURGH ASOS, PA US",GHCND:USW00094823,0,0
"PLAINFIELD 2.2 SW, MA US",GHCND:US1MAHS0007,0,0
"PLATTSBURGH 1 S, NY US",GHCND:USC00306660,0,0
"PLEASANT GAP 0.7 NW, PA US",GHCND:US1PACN0033,0,0
